Done, Test,Hello,Yo,Test.1,Haha,DontDeleteThis,ThisIsFiller,Ladidadida
Done, ,212,margaritha,20,,,,
Done,Winter,24564422,pepperoni,pepperoni,pepperoni,BBQC,margaritha,50
Done,Medai,32727838,margaritha,8,,,,
Done, ,50266775,margaritha,pepperoni,BBQC,30,,
Done, ,83330538,margaritha,pepperoni,18,,,
Done, ,23375137,margaritha,pepperoni,18,,,
Done, ,52610876,margaritha,pepperoni,18,,,
Done, ,3067503,margaritha,pepperoni,18,,,
Done, ,90152195,margaritha,pepperoni,18,,,
Done, ,32754806,margaritha,BBQC,pepperoni,48,,
Done, ,81958500,margaritha,pepperoni,48,,,
Done, ,58216089,margaritha,pepperoni,BBQC,pepperoni,40,
Done, ,46225428,margaritha,pepperoni,BBQC,30,
Done, ,57241558,margaritha,pepperoni,BBQC,30,
,Ivan,58066697,pepperoni,funghi,23,
,Ivan,12203892,hawaii,hawaii,22,
,Ivan,26036403,hawaii,margaritha,19,
,Ivan,55582264,hawaii,pepperoni,funghi,vegan,49,
,Ivan,40818909,Custom,6,Normal,Tomatosauce,Beef,Pork,Chicken,11.85,11.85,
,Ivan,94032700,margaritha,Custom,4,Normal,Tomatosauce,Beef,7.0,15.0,
,Ivan,75627448,forange,ccola,grit,fcasis,petea,chcola,11.3,
,126,6478410,pepperoni,10,
,126,74456646,pepperoni,10,
,126,69652666,0,
,126,42205020,0,
,406,21181795,margaritha,8,
,406,36831873,margaritha,8,
,406,51958632,0,
,Rik,77985779,Custom,8,Normal,Tomatosauce,Chicken,Bacon,Onions,Corn,Spinach,11.39,fcasis,13.39,
,Rik,27449948,pepperoni,ccola,brownie,15.4,
,126,15813160,pepperoni,10,
,126,26380163,pepperoni,10,
,126,97589808,0,
,472,28716932,vegan,petea,fcasis,brownie,ckie,chcake,tsu,Custom,9,Italian,Tomatosauce,Chicken,Bacon,Onions,Corn,Spinach,Pineapple,14.73,49.53,
,Rik,45964544,hawaii,vegan,pepperoni,margaritha,glutenf,funghi,forange,chcola,ccola,petea,grit,fcasis,chcake,ckie,brownie,tsu,icream,vccake,Custom,17,Philladelphia,MarinaraSauce,Beef,Pork,Chicken,Sausage,Bacon,Pepperoni,Ham,Mushrooms,Pineapple,Olives,Onions,Corn,Spinach,Basel,32.91,Custom,3,Normal,Tomatosauce,,4.0,139.21,
,658,90442020,hawaii,margaritha,19,
,126,5045026,pepperoni,10,
,126,88070827,pepperoni,10,
,126,59071377,pepperoni,10,
,126,46240825,pepperoni,10,
,860,79924940,margaritha,funghi,21,
,126,36213878,margaritha,8,
,126,19863941,hawaii,11,
,126,73759880,0,
,126,81512060,pepperoni,10,
,126,15286500,pepperoni,10,
,126,40270012,pepperoni,10,
,126,56449922,pepperoni,10,
,126,9489671,pepperoni,10,
